Judul Pelatihan,Kategori Training,Jenis Pertemuan
Teknik Analisa Big Data untuk Memaksimalkan Marketing,Sales & Marketing,Online Training
Teknik Penjualan yang Efektif di Era Covid-19 & WFH,Sales & Marketing,Online Training
Mengelola Tim Penjualan Di Era Covid - 19 & WFH Bagi Supervisor & Manager,Sales & Marketing,Online Training
Marketing Support & Sales Admin Development Program,Sales & Marketing,Online Training
Akuisisi Produk Financial Services Melalui Digital Marketing,Sales & Marketing,Online Training
Memaksimalkan Digital Marketing Untuk Bisnis,Sales & Marketing,Online Training
Optimalisasi Social Media Branding Menggunakan Storytelling,Sales & Marketing,Online Training
Digital Marketing Untuk Bisnis B2B,Sales & Marketing,Online Training
Memenangkan SEO  (Search Engine Optimization) Untuk Bisnis,Sales & Marketing,Online Training
Sales & Marketing Management,Sales & Marketing,Online Training
"Design Thinking: Creating Innovative Product, Excellent Services and Powerful Selling",Sales & Marketing,Online Training
Enterprise Solution Selling,Sales & Marketing,Online Training
Powerful Closing Technique Using Psychological Story Telling,Sales & Marketing,Online Training
Professional Telesales & Telemarketing,Sales & Marketing,Online Training
Sales Oriented - Customer Service,Sales & Marketing,Online Training
Sales Performance Improvement For Extraordinary Result,Sales & Marketing,Online Training
Experiential Marketing Strategy & Tactics,Sales & Marketing,Online Training
Teknik Penjualan Aset Kredit Bermasalah,Sales & Marketing,Online Training
Teknik Penagihan Era Covid 19 & PJOK 11 (3/2020),Sales & Marketing,Online Training
"Mengelola Team Collection Era Covid-19 bagi Manager,Supervisor & Team Leader: Collector Skills Transformation & Team Motivation Charge Up",Sales & Marketing,Online Training
Analisa Kredit Berbasis Laporan Keuangan,Sales & Marketing,Online Training
"Antisipasi Pemalsuan Dokumen, Tanda Tangan, dan Mafia Fraud",Sales & Marketing,Online Training
Graphonomy & Graphology: Pencegahan Pemalsuan Tanda Tangan & Penipuan Dokumen di Era New Normal,Sales & Marketing,Online Training
Financial Fraud Verification Skill in New Normal and Society 4.0 Era,Sales & Marketing,Online Training
Aspek Legal Pembiayaan & Penagihan Kartu Kredit,Sales & Marketing,Online Training
Antisipasi & Pencegahan Transaksi Pencucian Uang,Sales & Marketing,Online Training
Soft Skills for Credit Analyst & Surveyor,Sales & Marketing,Online Training
Advance Commercial Credit Analysis as  a Basis for Business Coach: Credit Skill foundation to Become a Business Coach,Sales & Marketing,Online Training
Advance RM training: RM sebagai Business Coach kepada Debiturnya. Phase 1:Business Coach Membuat Bisnis Debitur Sukses dan Sustainable,Sales & Marketing,Online Training
Advance RM training: RM sebagai Business Coach kepada Debiturnya. Phase 2: Business Coach Membuat Bisnis Debitur menjadi Level Korporat,Sales & Marketing,Online Training
"Fraud Prevention & Handling bagi Pembiayaan Mikro: Identifikasi, Investigasi, Penanganan, Aspek Hukum, Trend dan Metode Terbaru",Sales & Marketing,Online Training
Collection Recovery Section Head Development Program,Sales & Marketing,Online Training
Collection Target Fixing & Motivation Charge Up,Sales & Marketing,Online Training
Collection Negotiation Intermediate Skills,Sales & Marketing,Online Training
Leaders as a Coach & Team Developer in Collection,Sales & Marketing,Online Training
"Teknik Penagihan Melibatkan Aspek Hukum (Perdata, Pidana, Pailit, Litigasi, Kepolisian, Menghadapi Pengacara, Penyitaan & Penarikan)",Sales & Marketing,Online Training
Developing Performance Based Curriculum Training Program in New Normal Era: Creating-Budgeting-Measuring & Evaluation,Sales & Marketing,Online Training
Etos Kerja & Profesionalisme,Sales & Marketing,Online Training
"Extraordinary Digital Presentation, Public Speaking & Training Delivery Skills",Sales & Marketing,Online Training
Hak dan Kewajiban Pegawai di Era New Normal: Adaptasi Kebijakan Baru pasca Covid 19,Sales & Marketing,Online Training
Mental & Workload Analysis in New Normal Era,Sales & Marketing,Online Training
New Requirement for Professional Industrial Relation Officer in New Normal Era,Sales & Marketing,Online Training
Persiapan Pra Pensiun,Sales & Marketing,Online Training
Project Management & Assertive User Handling,Sales & Marketing,Online Training
Protokoler & Master of Ceremony era Digital & New Normal,Credit & Collection,Online Training
Strategic Partnership - How to Optimize Partnership Efforts for Your Strategic Goals in New Normal Era,Credit & Collection,Online Training
Understanding Millenials - Managing for High Performance and Engagement,Credit & Collection,Online Training
Competency Based Human Resource Management,Credit & Collection,Online Training
"How To Conduct TNA, Creating Training Material & Measuring Training Effectivity",Credit & Collection,Online Training
"Business Acumen: Think, Sense & Act like CEO",Credit & Collection,Online Training
"How to Recruit, Interview, Select & Place the Right Employee",Credit & Collection,Online Training
Akuntansi dan Keuangan Perbankan bagi Executive Bank,Credit & Collection,Online Training
Optimalisasi Aset Tetap Perbankan menuju Revenue & Profit Center,Credit & Collection,Online Training
Risk & Governance in Digital Era,Credit & Collection,Online Training
Risk Analysis: to Reduce Losses and Increase Profits,Credit & Collection,Online Training
System Application & Technology Knowledge & Skill for Transaction,Credit & Collection,Online Training
"Tax Principles, Practice, & Reporting",Credit & Collection,Online Training
Financial Credit Rating & Scoring,Credit & Collection,Online Training
Cash Flow & Credit Management,Credit & Collection,Online Training
Create A Simple Integrating Payroll System for Salary Efficiently and Effectively,Credit & Collection,Online Training
Modern Warehouse Management in Digital Post Covid19 era,Credit & Collection,Online Training
Powerful Database Analysis & Dashbord Reporting with Excel,Credit & Collection,Online Training
Purchasing & Procurement era Digital Industry 4.0 & New Normal,Credit & Collection,Online Training
Succesfully Quality Management to managing change in new normal or Industry 4.0 as a Key Enabler toward Successful Implementation of Total Quality Management  for Banking,Credit & Collection,Online Training
"Manajemen Pembelian, PPIC, Pergudangan & Negosiasi Pengadaan",Credit & Collection,Online Training
Manajemen Filing & Tata Kelola Kantor,Credit & Collection,Online Training
Managing General Affairs Excellence,Credit & Collection,Online Training
Excel & PowerPoint for Powerful Business Application,Credit & Collection,Online Training
"How to Effectively Manage, Coach & Mentor Subordinate Who Work From Home",Credit & Collection,Online Training
Effective Negotiation Skills in New Normal Era,Credit & Collection,Online Training
Effective Communication & Interpersonal Skills,Credit & Collection,Online Training
Shopfloor Leadership & Management: Leading By Gemba Kaizen,Credit & Collection,Online Training
Bangkitkan Kembali Mental Menang-mu with Krishnamurti,Credit & Collection,Online Training
"Strategi Perusahaan Dalam Menghadapi COVID 19: Financial, Operational, HR-IR, Business Continuity Plan",Credit & Collection,Online Training
Creative & Agile Tools of Management Problem Solving & Decision Making in Digital Era,Credit & Collection,Online Training
Bagaimana Menaikkan Bisnis menjadi Level Korporasi bagi senior management,Credit & Collection,Online Training
Business Leadership through Excellence Execution in Post Covid,Credit & Collection,Online Training
Creative Leadership & Management for Better Result,Credit & Collection,Online Training
Survive & Growth in Post Covid-19 for Consumer Good Industry,Credit & Collection,Online Training
Survive & Growth in Post Covid-19 for Financial Industry,Credit & Collection,Online Training
Life Coach: Achieving Work-Life Balance,Credit & Collection,Online Training
Facilitative & Emphatic Leadership,Credit & Collection,Online Training
"Innovative, Sistematic & Lateral Thinking Skills for Leader",Credit & Collection,Online Training
Creative Problem Solving & Decision Making,Credit & Collection,Online Training
Powerful Closing Technique ,Credit & Collection,Public Training
Advanced Digital Marketing & Foundation,Credit & Collection,Public Training
Marketing Research For Business Using SPSS,Credit & Collection,Public Training
Social Selling: Optimizing Engagement,Credit & Collection,Public Training
Optimizing in Growing Your Business ,Credit & Collection,Public Training
Presentation & Selling Skills Using Story-Telling ,Credit & Collection,Public Training
Sales Forecasting: for Sales Target Results,Credit & Collection,Public Training
Professional Selling Skills,Credit & Collection,Public Training
Visual Merchandising For Effective Result,Credit & Collection,Public Training
Creative Promotion & Campaign Management,Credit & Collection,Public Training
Professional Digital Marketing,Credit & Collection,Public Training
Sales Performance Improvement,Credit & Collection,Public Training
Marketing Support & Sales Admin ,Credit & Collection,Public Training
Improving Sales Team Performance,Credit & Collection,Public Training
"Pipe Line Management, New Prospect",Credit & Collection,Public Training
Enterprise  Solution Selling,Credit & Collection,Public Training
Selling With NLP,Credit & Collection,Public Training
Leaders As A Coach & Sales Team Developer,Credit & Collection,Public Training
Marketing & Sales Planning,HR & Training,Public Training
Area & Territory Management:,HR & Training,Public Training
Sales - Oriented Customer Service,HR & Training,Public Training
Professional Telesales & Telemarketing,HR & Training,Public Training
Sales Forecasting,HR & Training,Public Training
Practical Marketing Strategy Implementation,HR & Training,Public Training
Developing & Writing Corporate Credit Proposal,HR & Training,Public Training
Experiential Marketing Strategy & Tactics ,HR & Training,Public Training
How To Utilize People & Technology to win market,HR & Training,Public Training
Mengelola NPL dengan Early Warning System (EWS),HR & Training,Public Training
"Manajemen Resiko APU & PPT bagi Staff Perbankan, Multifinance, Sekuritas dan Asuransi",HR & Training,Public Training
Graphology & Powerful Interview For Credit Analys,HR & Training,Public Training
Restrukturisasi Kredit for SME Lending (Mortgage based),HR & Training,Public Training
Debt Collection Strategy & Tactics for Fintech Business,HR & Training,Public Training
Teknik Penyelesaian Kredit & Pemasaran AYDA yang Efektif,HR & Training,Public Training
How to detect & prevent application fraud in Digital Era for banking & fintech,HR & Training,Public Training
Managing Corporate Collection,HR & Training,Public Training
"Daily, Weekly & Monthly Analytics for Collection Leaders",HR & Training,Public Training
Professional Debt Collection Skills,HR & Training,Public Training
Collection Target Fixing & Motivation Charge Up,HR & Training,Public Training
Leaders as a Coach & Team Developer in Collection,HR & Training,Public Training
Teknik Penagihan Melibatkan Aspek Hukum,HR & Training,Public Training
"Sekuritisasi Asset: Pengembangan Produk, Analisa Resiko, Aspek Legal, Perpajakan dan Strukturisasinya",HR & Training,Public Training
Teknik Interview & Investigasi Terselubung Bagi Internal Audit,HR & Training,Public Training
"Manajemen Emosi Diri, Temperamen & Kontrol Customer Dalam Penagihan",HR & Training,Public Training
Soft Skills For Credit Analyst & Credit Surveyor,HR & Training,Public Training
Applied Debt Collection Strategy & Tactics,HR & Training,Public Training
"Antisipasi Pemalsuan Dokumen, Tanda Tangan & Mafia Fraud",HR & Training,Public Training
Graphonomy & Graphology Pencegahan Pemalsuan Tanda Tangan & Penipuan Dokumen di Era New Normal,HR & Training,Public Training
Collection Negotiation Intermediate Skills,HR & Training,Public Training
Collection For Corporate & Commercial Credit,HR & Training,Public Training
Collection Analytical Tools & MIS,HR & Training,Public Training
Collection Recovery Section Head Development Program,HR & Training,Public Training
"Mekanisme don Solusi Konflik Penyitaan, Lelang dan Eksekusi Jaminan Kredit Sesuai Aturan Baru PMK 27/PMK.06/2016",HR & Training,Public Training
Audit Treasury Management For Banking,HR & Training,Public Training
"Fraud Prevention & Handling bagi Pembiayaan Mikro: Identifikasi, Investigasi, Penanganan, Aspek Hukum, Trend & Metode Terbaru",HR & Training,Public Training
Appraisal Bidang Properti,HR & Training,Public Training
Appraisal Tingkat Lanjut Sesuai Standar Penilaian Indonesia (SPI),HR & Training,Public Training
Anticipating & Preventing Technique Of Money Laundering,Finance,Public Training
Effective Transactional Banking for Back Office,Finance,Public Training
Teknik Penyelesaian Kredit & Pemasaran AYDA Yang Efektif,Finance,Public Training
Advanced Credit Analysis for Corporate & Commercial,Finance,Public Training
Analisa Kredit Transaksi Luar Negeri,Finance,Public Training
Mortgage Credit Analysis Training,Finance,Public Training
Analisa Kredit Berbasis Laporan Keuangan,Finance,Public Training
Hukum Perkreditan Tingkat Lanjut,Finance,Public Training
Pembuatan Struktur Fasilitas Kredit & Mitigasi Risikonya,Finance,Public Training
"Mengelola Team Collection di era Covid-19 bagi Manager,Supervisor & Team Leader: Collector Skills Transformation & Team Motivation Charge Up &",Finance,Public Training
People (HR) Analytics: For HR & Non HR Professional,Finance,Public Training
Digital Mindset & capability Development Based on Era 4.0,Finance,Public Training
How to Conduct Social Campaign (for the Benefit of HR and Corporate Reputation),Finance,Public Training
Planning and organizing for stellar performance,Finance,Public Training
HR consulting skills for HR Professional: Core skills to ensure  excellent strategies to implementation,Finance,Public Training
Professional Capability Development Towards Industry 4.0,Finance,Public Training
"Business Acumen: Think, Sense & Act like CEO",Finance,Public Training
Build A Great And Strong Corporate Culture,Finance,Public Training
Transformasi Budaya & Manajemen Agen Perubahan,Finance,Public Training
"How To Recruit, Interview, Select & Place The Right Employee",Finance,Public Training
Managing People & Talent In Generation Y & Z,Finance,Public Training
Emotional Communication Skill & Team Spirit For Luxury Experience,Finance,Public Training
Competency Based On Human Resource Management,Office & Administration,Public Training
How To Make An Effective Fair Performance Appraisal & Evaluation,Office & Administration,Public Training
Compensation & Benefit Analysis,Office & Administration,Public Training
Bagaimana Melakukan PHK Dengan Aman Tanpa Gejolak,Office & Administration,Public Training
Drill For Trainers: Mastering 10 Core Trainers Tools,Office & Administration,Public Training
How To Conduct TNA Creating Training Material & Measuring Training Effectivity,Office & Administration,Public Training
Menyusun Kurikulum Pelatihan Berbasis Kompetensi,Office & Administration,Public Training
Mental & Workload Anaylisis in New Normal Era,Office & Administration,Public Training
Compherensive Train The Trainers,Office & Administration,Public Training
Train The Trainer For Outbound (Indoor-outdoor) Activity,Office & Administration,Public Training
Drill for Trainers: Mastering 10 Core Trainer’s Tools,Office & Administration,Public Training
Industry Forecasting & Bussiness Valuation Workshop: Start Up & Conventional Business,Office & Administration,Public Training
Cash Flow & Credit Management,Office & Administration,Public Training
Finance For Non Finance Executive,Office & Administration,Public Training
International Banking Facility,Office & Administration,Public Training
Fintech: Solusi Teknologi Keuangan Bagi Perputaran Ekonomi Skala Kecil Yang Menghasilkan Bisnis Besar,Office & Administration,Public Training
Akuntansi Keuangan Syariah,Office & Administration,Public Training
Financial Credit: Rating & Scoring,Office & Administration,Public Training
Simple Methode of Corporate Tax Calculation PPN-PPH,Office & Administration,Public Training
Actuarial Calculation Of The Risk Value,Office & Administration,Public Training
Cost Tracking VS Scheduling Analysis Model in Project Management,Office & Administration,Public Training
Tax Amnesty Bagi Karyawan & Profesional,Office & Administration,Public Training
"Perencanaan, Audit & Analisa Kebutuhan Keuangan Perusahaan",Office & Administration,Public Training
Create A Simple Integrating Payroll System For Salary Efficiently And Effectively,Office & Administration,Public Training
Interactive Dashboard with Microsoft Excel,Office & Administration,Public Training
Electronic Filing Management With Simple Database Software & Apps,Office & Administration,Public Training
Powerful Database Analysis & Dashboard Reporting with Microsoft Excel,Leadership & Managerial,Public Training
"Document Management 4.0 (Advance E-Filing preparing for BlockChain, IOT & Artificial Intellligence Era) comply to UU ITE",Leadership & Managerial,Public Training
Secretary Development Program,Leadership & Managerial,Public Training
Manajemen Filing & Tata Kelola Kantor,Leadership & Managerial,Public Training
Electronic Filing & Document Management System,Leadership & Managerial,Public Training
Excel & Powerpoint For Powerful Business Applications,Leadership & Managerial,Public Training
Managing General Affairs Excellence,Leadership & Managerial,Public Training
"Manajemen Pembelian, PPIC & Negosiasi Pengadaan",Leadership & Managerial,Public Training
Purchasing Excellence Administration,Leadership & Managerial,Public Training
Warehouse Administration for Better Efficiency & Productivity,Leadership & Managerial,Public Training
Microsoft Excel VBA (Macros) Complete Beginner,Leadership & Managerial,Public Training
Professional Tenant & Property Management,Leadership & Managerial,Public Training
Corporate Event Management,Leadership & Managerial,Public Training
Distribution Management,Leadership & Managerial,Public Training
Best Practice For Supply Chain Management,Leadership & Managerial,Public Training
Legal Drafting to Prevent and Anticipate Business Conflict & Dispute,Leadership & Managerial,Public Training
Agile Leadership: What Leaders Have To Do in Enabling Agile Transformation,Leadership & Managerial,Public Training
Infografis & pembuatan materi presentasi bagi level manajemen,Leadership & Managerial,Public Training
Modern Leadership Skills: How Leaders Managing Team by Data in the Era of Analytics,Leadership & Managerial,Public Training
Distance Coaching & Mentoring using Digital approach,Leadership & Managerial,Public Training
Analisa Data dan Penampilannya bagi Presentasi Manajemen,Leadership & Managerial,Public Training
Modern Project Management: Combining Scrum & Sprint,Leadership & Managerial,Public Training
"Modern Presentation skills: Combining StoryTelling, Doodly, Storyline and Video-Sound Creation",Leadership & Managerial,Public Training
Innovative Business Thinking & Productive Creativity with IDEO & XQ Principles,Leadership & Managerial,Public Training
Five Core Leadership Using POCE,Leadership & Managerial,Public Training
"Appreciative Inquiry Application in Resolving Conflict, Executive Coaching, Change Management and Business Transformation",Leadership & Managerial,Public Training
Winning Negotiation Skills,Leadership & Managerial,Public Training
Effective Communication & Interpersonal Skills,Leadership & Managerial,Public Training
Effective Time & Activity Management,Leadership & Managerial,Public Training
Facilitative & Empathic Leadership,Leadership & Managerial,Public Training
Creative Leadership Management For Better Result,Leadership & Managerial,Public Training
Innovative Leadership for Changes,Leadership & Managerial,Public Training
Shopfloor Leadership & Management : Leading By Genba Keizen,Leadership & Managerial,Public Training
Creative Problem Solving & Decision Making,Leadership & Managerial,Public Training
"Manajemen Emosi, Temperamen, Dan Kontrol Diri Untuk Service Excellent",Leadership & Managerial,Public Training
Practical Business Presentation Skills,Leadership & Managerial,Public Training
Hypnotic Business Presentation PowerPoint Short-Cut & Effective Influencing,Leadership & Managerial,Public Training
Smart Way To Improve Your Negotiation Skills For Leader,Leadership & Managerial,Public Training
Keterampilan Komunikasi Dalam Rapat Dan Diskusi,Leadership & Managerial,Public Training
Communication Skills in Project Management,Leadership & Managerial,Public Training
Sytemic Design Thinking: To foster Creativity & Increase Team Innovation For Leaders,Leadership & Managerial,Public Training
Etos Kerja Unggulan Di Era Business Improvement,Leadership & Managerial,Public Training
Management Skills For New Managers,Leadership & Managerial,Public Training
Effective Supervision & Coaching For Higher Productivity,Leadership & Managerial,Public Training
Analytical Skills For Leaders,Leadership & Managerial,Public Training
"Innovative, Systematic & Lateral Thinking For Leader",Leadership & Managerial,Public Training
Leading & Motivating With NLP,Leadership & Managerial,Public Training
Mengubah Bawahan Bermasalah & Berkonflik Menjadi Produktif & Suportif,Leadership & Managerial,Public Training
"Manajemen Emosi, Temperamen, Dan Kontrol Diri Untuk Leader",Leadership & Managerial,Public Training
Insight Fundamental Of Investor Relationship; Industry- Vendor-supplier,Leadership & Managerial,Public Training
EXPERT COACHING: How to Manage Managers,Leadership & Managerial,Public Training
Succession Planning & Management,Leadership & Managerial,Public Training
